atInvalid	0
atRunSpeedBase	1
atMoveSpeedPercent	2
atMaxJumpCount	3
atGravityBase	4
atGravityPercent	5
atJumpSpeedBase	6
atJumpSpeedPercent	7
atDropDefence	8
atDivingFrameBase	9
atDivingFramePercent	10
atWaterFlyAbility	11
atStrengthBase	12
atStrengthBasePercentAdd	13
atAgilityBase	14
atAgilityBasePercentAdd	15
atVitalityBase	16
atVitalityBasePercentAdd	17
atSpiritBase	18
atSpiritBasePercentAdd	19
atSpunkBase	20
atSpunkBasePercentAdd	21
atTransmitTrain	22
atMaxTrainValue	23
atBaseVenationCof	24
atPhysicsVenationCof	25
atMagicVenationCof	26
atAssistVenationCof	27
atBasePotentialAdd	28
atCurrentLife	29
atMaxLifeBase	30
atMaxLifePercentAdd	31
atMaxLifeAdditional	32
atLifeReplenish	33
atLifeReplenishPercent	34
atLifeReplenishCoefficient	35
atLifeReplenishExt	36
atCurrentMana	37
atMaxManaBase	38
atMaxManaPercentAdd	39
atMaxManaAdditional	40
atManaPercentAdd	41
atManaReplenish	42
atManaReplenishPercent	43
atManaReplenishCoefficient	44
atManaReplenishExt	45
atCurrentRage	46
atMaxRage	47
atRageReplenish	48
atCurrentEnergy	49
atMaxEnergy	50
atEnergyReplenish	51
atSunPowerValue	52
atMoonPowerValue	53
atCurrentSunEnergy	54
atMaxSunEnergy	55
atSunEnergyAddPercent	56
atSunEnergyReplenish	57
atSunEnergyFallOff	58
atCurrentMoonEnergy	59
atMaxMoonEnergy	60
atMoonEnergyAddPercent	61
atMoonEnergyReplenish	62
atMoonEnergyFallOff	63
atCurrentStamina	64
atCurrentThew	65
atActiveThreatCoefficient	66
atPassiveThreatCoefficient	67
atDodge	68
atDodgeBaseRate	69
atParryBaseRate	70
atParryBase	71
atParryPercent	72
atParryValueBase	73
atParryValuePercent	74
atSense	75
atStrainBase	76
atStrainPercent	77
atToughnessBaseRate	78
atToughnessBase	79
atToughnessPercent	80
atDecriticalDamagePowerBaseKiloNumRate	81
atDecriticalDamagePowerBase	82
atDecriticalDamagePowerPercent	83
atPositiveShield	84
atNegativeShield	85
atGlobalResistPercent	86
atGlobalBlock	87
atGlobalTherapyAbsorb	88
atGlobalDamageAbsorb	89
atGlobalDamageAbsorbBySelfMaxLife	90
atGlobalDamageAbsorbBySelfSpirit	91
atGlobalDamageAbsorbBySelfAgility	92
atGlobalDamageAbsorbBySelfVitality	93
atGlobalDamageManaShield	94
atDamageToLifeForSelf	95
atDamageToManaForSelf	96
atBeatBackRate	97
atKnockedBackRate	98
atKnockedOffRate	99
atKnockedDownRate	100
atPullRate	101
atRepulsedRate	102
atImmortal	103
atMountingRate	104
atMeleeWeaponDamageBase	105
atMeleeWeaponDamagePercent	106
atMeleeWeaponDamageRand	107
atMeleeWeaponDamageRandPercent	108
atRangeWeaponDamageBase	109
atRangeWeaponDamagePercent	110
atRangeWeaponDamageRand	111
atRangeWeaponDamageRandPercent	112
atSkillPhysicsDamage	113
atSkillPhysicsDamageRand	114
atSkillPhysicsDamagePercent	115
atPhysicsDamageCoefficient	116
atPhysicsAttackPowerBase	117
atPhysicsAttackPowerPercent	118
atPhysicsHitBaseRate	119
atPhysicsHitValue	120
atPhysicsCriticalStrikeBaseRate	121
atPhysicsCriticalStrike	122
atPhysicsCriticalDamagePowerBaseKiloNumRate	123
atPhysicsCriticalDamagePowerBase	124
atPhysicsCriticalDamagePowerPercent	125
atPhysicsOvercomeBase	126
atPhysicsOvercomePercent	127
atPhysicsResistPercent	128
atPhysicsDefenceAdd	129
atPhysicsDefenceMax	130
atPhysicsShieldBase	131
atPhysicsShieldPercent	132
atPhysicsShieldAdditional	133
atPhysicsReflection	134
atPhysicsReflectionPercent	135
atPhysicsBlock	136
atPhysicsDamageAbsorb	137
atPhysicsDamageManaShield	138
atAllTypeHitValue	139
atAllTypeCriticalStrike	140
atAllTypeCriticalDamagePowerBase	141
atSkillMagicDamage	142
atMagicAttackPowerBase	143
atMagicAttackPowerPercent	144
atMagicCriticalStrike	145
atMagicShield	146
atMagicCriticalDamagePowerBaseKiloNumRate	147
atMagicCriticalDamagePowerBase	148
atMagicCriticalDamagePowerPercent	149
atMagicOvercome	150
atMagicHitBaseRate	151
atMagicHitValue	152
atSkillSolarDamage	153
atSkillSolarDamageRand	154
atSkillSolarDamagePercent	155
atSolarDamageCoefficient	156
atSolarAttackPowerBase	157
atSolarAttackPowerPercent	158
atSolarHitBaseRate	159
atSolarHitValue	160
atSolarCriticalStrikeBaseRate	161
atSolarCriticalStrike	162
atSolarCriticalDamagePowerBaseKiloNumRate	163
atSolarCriticalDamagePowerBase	164
atSolarCriticalDamagePowerPercent	165
atSolarOvercomeBase	166
atSolarOvercomePercent	167
atSolarMagicResistPercent	168
atSolarMagicShieldBase	169
atSolarMagicShieldPercent	170
atSolarMagicReflection	171
atSolarMagicReflectionPercent	172
atSolarMagicBlock	173
atSolarDamageAbsorb	174
atSolarDamageManaShield	175
atSkillNeutralDamage	176
atSkillNeutralDamageRand	177
atSkillNeutralDamagePercent	178
atNeutralDamageCoefficient	179
atNeutralAttackPowerBase	180
atNeutralAttackPowerPercent	181
atNeutralHitBaseRate	182
atNeutralHitValue	183
atNeutralCriticalStrikeBaseRate	184
atNeutralCriticalStrike	185
atNeutralCriticalDamagePowerBaseKiloNumRate	186
atNeutralCriticalDamagePowerBase	187
atNeutralCriticalDamagePowerPercent	188
atNeutralOvercomeBase	189
atNeutralOvercomePercent	190
atNeutralMagicResistPercent	191
atNeutralMagicShieldBase	192
atNeutralMagicShieldPercent	193
atNeutralMagicReflection	194
atNeutralMagicReflectionPercent	195
atNeutralMagicBlock	196
atNeutralDamageAbsorb	197
atNeutralDamageManaShield	198
atSkillLunarDamage	199
atSkillLunarDamageRand	200
atSkillLunarDamagePercent	201
atLunarDamageCoefficient	202
atLunarAttackPowerBase	203
atLunarAttackPowerPercent	204
atLunarHitBaseRate	205
atLunarHitValue	206
atLunarCriticalStrikeBaseRate	207
atLunarCriticalStrike	208
atLunarCriticalDamagePowerBaseKiloNumRate	209
atLunarCriticalDamagePowerBase	210
atLunarCriticalDamagePowerPercent	211
atLunarOvercomeBase	212
atLunarOvercomePercent	213
atLunarMagicResistPercent	214
atLunarMagicShieldBase	215
atLunarMagicShieldPercent	216
atLunarMagicReflection	217
atLunarMagicReflectionPercent	218
atLunarMagicBlock	219
atLunarDamageAbsorb	220
atLunarDamageManaShield	221
atSkillPoisonDamage	222
atSkillPoisonDamageRand	223
atSkillPoisonDamagePercent	224
atPoisonDamageCoefficient	225
atPoisonAttackPowerBase	226
atPoisonAttackPowerPercent	227
atPoisonHitBaseRate	228
atPoisonHitValue	229
atPoisonCriticalStrikeBaseRate	230
atPoisonCriticalStrike	231
atPoisonCriticalDamagePowerBaseKiloNumRate	232
atPoisonCriticalDamagePowerBase	233
atPoisonCriticalDamagePowerPercent	234
atPoisonOvercomeBase	235
atPoisonOvercomePercent	236
atPoisonMagicResistPercent	237
atPoisonMagicShieldBase	238
atPoisonMagicShieldPercent	239
atPoisonMagicReflection	240
atPoisonMagicReflectionPercent	241
atPoisonMagicBlock	242
atPoisonDamageAbsorb	243
atPoisonDamageManaShield	244
atTherapyPowerBase	245
atTherapyPowerPercent	246
atSkillTherapy	247
atSkillTherapyRand	248
atSkillTherapyPercent	249
atTherapyCoefficient	250
atBeTherapyCoefficient	251
atSolarAndLunarAttackPowerBase	252
atSolarAndLunarHitValue	253
atSolarAndLunarCriticalStrike	254
atSolarAndLunarCriticalDamagePowerBase	255
atSolarAndLunarOvercomeBase	256
atNoneWeaponAttackSpeedBase	257
atMeleeWeaponAttackSpeedBase	258
atMeleeWeaponAttackSpeedPercentAdd	259
atMeleeWeaponAttackSpeedAdditional	260
atRangeWeaponAttackSpeedBase	261
atRangeWeaponAttackSpeedPercentAdd	262
atRangeWeaponAttackSpeedAdditional	263
atIgnoreOtherAlarmRange	264
atSelfAlarmRangeRevise	265
atOtherAlarmRangeRevise	266
atUnarm	267
atDash	268
atDashToPoint	269
atDashForward	270
atDashBackward	271
atDashLeft	272
atDashRight	273
atDashToDstBack	274
atHalt	275
atFreeze	276
atEntrap	277
atFear	278
atRevive	279
atJump	280
atSit	281
atDisarm	282
atDisableMoveCtrl	283
atCallKnockedBackExhale	284
atCallKnockedBackConvergence	285
atCallKnockedBackRandom	286
atCallKnockedBackSrcFace	287
atCallKnockedOffParabola	288
atCallKnockedDown	289
atCallRepulsed	290
atCallTherapy	291
atCallPhysicsDamage	292
atCallSolarDamage	293
atCallNeutralDamage	294
atCallLunarDamage	295
atCallPoisonDamage	296
atCastSkillTargetSrc	297
atCastSkillTargetDst	298
atSkillEventHandler	299
atPracticeKungfu	300
atAccumulate	301
atCallBuff	302
atCallBuffStack2	303
atCallBuffStack3	304
atCallBuffStack4	305
atCallBuffStack5	306
atCallBuffStack6	307
atCallBuffStack7	308
atCallBuffStack8	309
atCallBuffAccordingToAttraction	310
atDetachSingleBuff	311
atDetachMultiGroupBuff	312
atDelSingleBuffByFunctionType	313
atDelMultiGroupBuffByFunctionType	314
atDelSingleBuffByIDAndLevel	315
atDelSingleGroupBuffByIDAndLevel	316
atModifyThreat	317
atModifyAllThreaten	318
atModifyThreatPercent	319
atModifyAllThreatenPercent	320
atSpoof	321
atSilence	322
atSilenceAll	323
atImmunity	324
atAddWeak	325
atShiftWeak	326
atAddWeakShield	327
atModifySkillCastFlag	328
atExecuteScript	329
atPrinkRepresentID	330
atPrinkModel	331
atPrinkForce	332
atRideHorse	333
atDoAction	334
atAddExpPercent	335
atAddExpPercentByQuest	336
atAddExpPercentByScript	337
atAddReputationPercent	338
atAddJusticePercent	339
atAddPrestigePercent	340
atAddTrainPercent	341
atDisableAcquireTitlePoint	342
atAddContributionPercentForAll	343
atAddPrestigePercentForAll	344
atEmployerCastSkillTargetSelf	345
atEmployerCastSkillTargetDest	346
atClearCoolDown	347
atResetCoolDown	348
atTransferDamageToManaPercent	349
atModifyCostManaPercent	350
atModifyCostRagePercent	351
atModifyCostEnergyPercent	352
atDirectCastMask	353
atPull	354
atTurnToSrc	355
atConsumeBuff	356
atTopThreat	357
atZeroThreat	358
atFormationEffect	359
atAddDamageByDstMoveState	360
atTransferDamage	361
atTransferTherapy	362
atTransferThreat	363
atAddFellowshipAttraction	364
atCallHelp	365
atCallRequest	366
atCatchCharacter	367
atTransmission	368
atVitalityToParryValueCof	369
atVitalityToMaxLifeCof	370
atVitalityToPhysicsAttackPowerCof	371
atVitalityToSolarAttackPowerCof	372
atVitalityToLunarAttackPowerCof	373
atVitalityToNeutralAttackPowerCof	374
atVitalityToPoisonAttackPowerCof	375
atVitalityToTherapyPowerCof	376
atVitalityToPhysicsShieldCof	377
atSpiritToMaxManaCof	378
atSpiritToManaReplenishCof	379
atSpiritToTherapyPowerCof	380
atSpiritToPhysicsAttackPowerCof	381
atSpiritToSolarAttackPowerCof	382
atSpiritToLunarAttackPowerCof	383
atSpiritToNeutralAttackPowerCof	384
atSpiritToPoisonAttackPowerCof	385
atSpiritToPhysicsCriticalStrikeCof	386
atSpiritToSolarCriticalStrikeCof	387
atSpiritToLunarCriticalStrikeCof	388
atSpiritToNeutralCriticalStrikeCof	389
atSpiritToPoisonCriticalStrikeCof	390
atSpiritToPhysicsCriticalDamagePowerCof	391
atSpiritToSolarCriticalDamagePowerCof	392
atSpiritToLunarCriticalDamagePowerCof	393
atSpiritToNeutralCriticalDamagePowerCof	394
atSpiritToPoisonCriticalDamagePowerCof	395
atSpiritToSolarMagicShieldCof	396
atSpiritToLunarMagicShieldCof	397
atSpiritToNeutralMagicShieldCof	398
atSpiritToPoisonMagicShieldCof	399
atSpunkToManaReplenishCof	400
atSpunkToPhysicsAttackPowerCof	401
atSpunkToSolarAttackPowerCof	402
atSpunkToLunarAttackPowerCof	403
atSpunkToNeutralAttackPowerCof	404
atSpunkToPoisonAttackPowerCof	405
atSpunkToSolarAndLunarAttackPowerCof	406
atStrengthToPhysicsCriticalStrikeCof	407
atStrengthToPhysicsAttackPowerCof	408
atStrengthToSolarAttackPowerCof	409
atStrengthToLunarAttackPowerCof	410
atStrengthToNeutralAttackPowerCof	411
atStrengthToPoisonAttackPowerCof	412
atAgilityToPhysicsCriticalStrikeCof	413
atAgilityToPoisonCriticalStrikeCof	414
atAgilityToPhysicsAttackPowerCof	415
atAgilityToSolarAndLunarAttackPowerCof	416
atAgilityToDodgeCof	417
atStealth	418
atCounterStealth	419
atCounterStealthRange	420
atTransparencyValue	421
atAutoSelectTarget	422
atCallMentorBuff	423
atMentorFormationEffect	424
atAdjustProfessionLevel	425
atSetUseBigSwordFlag	426
atChangeCarrierState	427
atSetIncomeLimitFlag	428
atSetSaleLimitFlag	429
atSetDisableSkillCastOnEntrapFlag	430
atSetEquipmentRecipe	431
atSetTalentRecipe	432
atTransferLife	433
atTransferMana	434
atCopyEffectiveTherapy	435
atAutoSelectTargetByLifeless	436
atCastSubSkill	437
atCastSkill	438
atSetDisableTitlePointProduceFlag	439
atAddSprintPowerMax	440
atAddSprintPowerCost	441
atAddSprintPowerRevive	442
atAddSprintPowerCostOnWall	443
atAddSprintPowerReviveOnWall	444
ataddSprintPowerCostRunOnWallExtra	445
ataddSprintPowerCostStandOnWall	446
atDisableSprintFlag	447
atAddHorseSprintPowerMax	448
atAddHorseSprintPowerCost	449
atAddHorseSprintPowerRevive	450
atEnableDoubleRide	451
atChangeSkillIcon	452
atAddScale	453
